{
  "": {
    "dependencies": "/Users/aptoide/Desktop/Tiago/uni/masters/malware-thesis/project/ios-nights-watch/evil-twin/inject/.build/arm64-apple-macosx/release/inject.build/inject.d",
    "object": "/Users/aptoide/Desktop/Tiago/uni/masters/malware-thesis/project/ios-nights-watch/evil-twin/inject/.build/arm64-apple-macosx/release/inject.build/inject.o",
    "swift-dependencies": "/Users/aptoide/Desktop/Tiago/uni/masters/malware-thesis/project/ios-nights-watch/evil-twin/inject/.build/arm64-apple-macosx/release/inject.build/master.swiftdeps"
  },
  "/Users/aptoide/Desktop/Tiago/uni/masters/malware-thesis/project/ios-nights-watch/evil-twin/inject/Sources/inject/BitType.swift": {
    "object": "/Users/aptoide/Desktop/Tiago/uni/masters/malware-thesis/project/ios-nights-watch/evil-twin/inject/.build/arm64-apple-macosx/release/inject.build/BitType.swift.o",
    "swiftmodule": "/Users/aptoide/Desktop/Tiago/uni/masters/malware-thesis/project/ios-nights-watch/evil-twin/inject/.build/arm64-apple-macosx/release/inject.build/BitType~partial.swiftmodule",
    "swift-dependencies": "/Users/aptoide/Desktop/Tiago/uni/masters/malware-thesis/project/ios-nights-watch/evil-twin/inject/.build/arm64-apple-macosx/release/inject.build/BitType.swiftdeps"
  },
  "/Users/aptoide/Desktop/Tiago/uni/masters/malware-thesis/project/ios-nights-watch/evil-twin/inject/Sources/inject/Command.swift": {
    "object": "/Users/aptoide/Desktop/Tiago/uni/masters/malware-thesis/project/ios-nights-watch/evil-twin/inject/.build/arm64-apple-macosx/release/inject.build/Command.swift.o",
    "swiftmodule": "/Users/aptoide/Desktop/Tiago/uni/masters/malware-thesis/project/ios-nights-watch/evil-twin/inject/.build/arm64-apple-macosx/release/inject.build/Command~partial.swiftmodule",
    "swift-dependencies": "/Users/aptoide/Desktop/Tiago/uni/masters/malware-thesis/project/ios-nights-watch/evil-twin/inject/.build/arm64-apple-macosx/release/inject.build/Command.swiftdeps"
  },
  "/Users/aptoide/Desktop/Tiago/uni/masters/malware-thesis/project/ios-nights-watch/evil-twin/inject/Sources/inject/Extension.swift": {
    "object": "/Users/aptoide/Desktop/Tiago/uni/masters/malware-thesis/project/ios-nights-watch/evil-twin/inject/.build/arm64-apple-macosx/release/inject.build/Extension.swift.o",
    "swiftmodule": "/Users/aptoide/Desktop/Tiago/uni/masters/malware-thesis/project/ios-nights-watch/evil-twin/inject/.build/arm64-apple-macosx/release/inject.build/Extension~partial.swiftmodule",
    "swift-dependencies": "/Users/aptoide/Desktop/Tiago/uni/masters/malware-thesis/project/ios-nights-watch/evil-twin/inject/.build/arm64-apple-macosx/release/inject.build/Extension.swiftdeps"
  },
  "/Users/aptoide/Desktop/Tiago/uni/masters/malware-thesis/project/ios-nights-watch/evil-twin/inject/Sources/inject/Inject.swift": {
    "object": "/Users/aptoide/Desktop/Tiago/uni/masters/malware-thesis/project/ios-nights-watch/evil-twin/inject/.build/arm64-apple-macosx/release/inject.build/Inject.swift.o",
    "swiftmodule": "/Users/aptoide/Desktop/Tiago/uni/masters/malware-thesis/project/ios-nights-watch/evil-twin/inject/.build/arm64-apple-macosx/release/inject.build/Inject~partial.swiftmodule",
    "swift-dependencies": "/Users/aptoide/Desktop/Tiago/uni/masters/malware-thesis/project/ios-nights-watch/evil-twin/inject/.build/arm64-apple-macosx/release/inject.build/Inject.swiftdeps"
  },
  "/Users/aptoide/Desktop/Tiago/uni/masters/malware-thesis/project/ios-nights-watch/evil-twin/inject/Sources/inject/Shell.swift": {
    "object": "/Users/aptoide/Desktop/Tiago/uni/masters/malware-thesis/project/ios-nights-watch/evil-twin/inject/.build/arm64-apple-macosx/release/inject.build/Shell.swift.o",
    "swiftmodule": "/Users/aptoide/Desktop/Tiago/uni/masters/malware-thesis/project/ios-nights-watch/evil-twin/inject/.build/arm64-apple-macosx/release/inject.build/Shell~partial.swiftmodule",
    "swift-dependencies": "/Users/aptoide/Desktop/Tiago/uni/masters/malware-thesis/project/ios-nights-watch/evil-twin/inject/.build/arm64-apple-macosx/release/inject.build/Shell.swiftdeps"
  },
  "/Users/aptoide/Desktop/Tiago/uni/masters/malware-thesis/project/ios-nights-watch/evil-twin/inject/Sources/inject/main.swift": {
    "object": "/Users/aptoide/Desktop/Tiago/uni/masters/malware-thesis/project/ios-nights-watch/evil-twin/inject/.build/arm64-apple-macosx/release/inject.build/main.swift.o",
    "swiftmodule": "/Users/aptoide/Desktop/Tiago/uni/masters/malware-thesis/project/ios-nights-watch/evil-twin/inject/.build/arm64-apple-macosx/release/inject.build/main~partial.swiftmodule",
    "swift-dependencies": "/Users/aptoide/Desktop/Tiago/uni/masters/malware-thesis/project/ios-nights-watch/evil-twin/inject/.build/arm64-apple-macosx/release/inject.build/main.swiftdeps"
  }
}
