{
  "": {
    "dependencies": "/Users/aptoide/Desktop/Tiago/uni/masters/malware-thesis/project/ios-nights-watch/evil-twin/inject/.build/arm64-apple-macosx/release/InjectTests.build/InjectTests.d",
    "object": "/Users/aptoide/Desktop/Tiago/uni/masters/malware-thesis/project/ios-nights-watch/evil-twin/inject/.build/arm64-apple-macosx/release/InjectTests.build/InjectTests.o",
    "swift-dependencies": "/Users/aptoide/Desktop/Tiago/uni/masters/malware-thesis/project/ios-nights-watch/evil-twin/inject/.build/arm64-apple-macosx/release/InjectTests.build/master.swiftdeps"
  },
  "/Users/aptoide/Desktop/Tiago/uni/masters/malware-thesis/project/ios-nights-watch/evil-twin/inject/Tests/InjectTests/InjectTests.swift": {
    "object": "/Users/aptoide/Desktop/Tiago/uni/masters/malware-thesis/project/ios-nights-watch/evil-twin/inject/.build/arm64-apple-macosx/release/InjectTests.build/InjectTests.swift.o",
    "swiftmodule": "/Users/aptoide/Desktop/Tiago/uni/masters/malware-thesis/project/ios-nights-watch/evil-twin/inject/.build/arm64-apple-macosx/release/InjectTests.build/InjectTests~partial.swiftmodule",
    "swift-dependencies": "/Users/aptoide/Desktop/Tiago/uni/masters/malware-thesis/project/ios-nights-watch/evil-twin/inject/.build/arm64-apple-macosx/release/InjectTests.build/InjectTests.swiftdeps"
  }
}
