{
  "": {
    "dependencies": "/Users/aptoide/Desktop/Tiago/uni/masters/malware-thesis/project/ios-nights-watch/evil-twin/inject/.build/arm64-apple-macosx/release/ArgumentParserToolInfo.build/ArgumentParserToolInfo.d",
    "object": "/Users/aptoide/Desktop/Tiago/uni/masters/malware-thesis/project/ios-nights-watch/evil-twin/inject/.build/arm64-apple-macosx/release/ArgumentParserToolInfo.build/ArgumentParserToolInfo.o",
    "swift-dependencies": "/Users/aptoide/Desktop/Tiago/uni/masters/malware-thesis/project/ios-nights-watch/evil-twin/inject/.build/arm64-apple-macosx/release/ArgumentParserToolInfo.build/master.swiftdeps"
  },
  "/Users/aptoide/Desktop/Tiago/uni/masters/malware-thesis/project/ios-nights-watch/evil-twin/inject/.build/checkouts/swift-argument-parser/Sources/ArgumentParserToolInfo/ToolInfo.swift": {
    "object": "/Users/aptoide/Desktop/Tiago/uni/masters/malware-thesis/project/ios-nights-watch/evil-twin/inject/.build/arm64-apple-macosx/release/ArgumentParserToolInfo.build/ToolInfo.swift.o",
    "swiftmodule": "/Users/aptoide/Desktop/Tiago/uni/masters/malware-thesis/project/ios-nights-watch/evil-twin/inject/.build/arm64-apple-macosx/release/ArgumentParserToolInfo.build/ToolInfo~partial.swiftmodule",
    "swift-dependencies": "/Users/aptoide/Desktop/Tiago/uni/masters/malware-thesis/project/ios-nights-watch/evil-twin/inject/.build/arm64-apple-macosx/release/ArgumentParserToolInfo.build/ToolInfo.swiftdeps"
  }
}
