{
  "object" : {
    "artifacts" : [

    ],
    "dependencies" : [
      {
        "basedOn" : null,
        "packageRef" : {
          "identity" : "swift-argument-parser",
          "kind" : "remoteSourceControl",
          "location" : "https://github.com/apple/swift-argument-parser",
          "name" : "swift-argument-parser"
        },
        "state" : {
          "checkoutState" : {
            "revision" : "fddd1c00396eed152c45a46bea9f47b98e59301d",
            "version" : "1.2.0"
          },
          "name" : "sourceControlCheckout"
        },
        "subpath" : "swift-argument-parser"
      }
    ]
  },
  "version" : 6
}